gene,primary_source,lead_rsid,chr,pos_hg19,effect_allele,other_allele,eaf,beta,se,pval,F,n_cis,n_genomewide_sig
SOST,UKB-PPP,,17,41807310,C,G,0.639132,-0.0611441,0.00720457,2.12324e-17,72.0,8462,127
TNFRSF11B,UKB-PPP,,8,120101198,C,CT,0.499602,0.199841,0.00688711,4.04576e-185,842.0,11355,1141
TNFSF11,UKB-PPP,,13,43052880,A,G,0.531643,-0.111865,0.00738466,7.783949999999999e-52,229.5,11412,493
TNFRSF11A,UKB-PPP,,18,59597807,C,G,0.269609,-0.328391,0.00826595,0.0,1578.3,11723,2885
FGF23,UKB-PPP,,12,4491909,C,G,0.338541,0.108306,0.00781877,1.23652e-43,191.9,11337,136
DKK1,UKB-PPP,,10,54119880,G,T,0.434695,-0.102764,0.0075648,4.94652e-42,184.5,12939,264
BGLAP,UKB-PPP,,1,156293105,GA,G,0.554356,0.136389,0.00750495,8.412010000000001e-74,330.3,8935,344
CTSK,eQTLGen,rs78685532,1,150738197,C,T,0.46732,0.659668,0.00779617,3.2717e-310,7159.6,4751,2711
ESR1,eQTLGen,rs3020333,6,152010254,G,A,0.459469,-0.123822,0.00866507,2.5260999999999998e-46,204.2,8016,208
PTH1R,UKB-PPP,,3,46939587,T,C,0.00265918,2.25921,0.073702,2.3933200000000002e-206,939.6,8820,282
SPP1,UKB-PPP,,4,88858885,C,T,0.191739,-0.11418,0.00913278,7.26273e-36,156.3,11151,707
AHSG,UKB-PPP,,3,186233864,T,G,0.760924,0.438829,0.00886466,0.0,2450.6,11829,1385
KL,deCODE,rs10467359,13,33529264,G,A,0.04031,-0.3185,0.020808,6.8969999999999995e-53,234.3,19577,783
MGP,deCODE,rs7135211,12,15052758,A,G,0.37407,-0.2464,0.008303,1.6020000000000002e-193,880.7,20199,1318
